City_ID,City,Country,Date,Lat,Lng,Max Temp,Humidity,Cloudiness,Wind Speed
0,Tuktoyaktuk,CA,2020-12-01 03:21:09,69.45,-133.04,-0.4,84,90,9.17
1,Abancay,PE,2020-12-01 03:21:09,-13.63,-72.88,60.6,69,100,4.41
2,Xining,CN,2020-12-01 03:21:09,36.62,101.77,25.81,88,87,3.87
3,Bluff,NZ,2020-12-01 03:21:09,-46.6,168.33,62.01,48,33,4.0
4,Ushuaia,AR,2020-12-01 03:21:09,-54.8,-68.3,44.6,75,75,17.22
5,Jam Sahib,PK,2020-12-01 03:21:09,26.3,68.63,51.8,87,0,4.7
6,Kutum,SD,2020-12-01 03:21:10,14.2,24.67,55.51,35,0,3.85
7,Verkhoyansk,RU,2020-12-01 03:21:10,67.54,133.38,-9.18,86,95,4.12
8,Rikitea,PF,2020-12-01 03:21:10,-23.12,-134.97,75.96,74,19,9.33
9,General Pico,AR,2020-12-01 03:21:10,-35.66,-63.76,59.94,33,0,7.61
10,Mataura,NZ,2020-12-01 03:21:10,-46.19,168.86,62.01,48,33,4.0
11,Saint-Philippe,RE,2020-12-01 03:21:10,-21.36,55.77,78.8,65,0,4.7
12,Castro,BR,2020-12-01 03:21:10,-24.79,-50.01,61.56,95,44,3.51
13,Khatanga,RU,2020-12-01 03:21:10,71.97,102.5,23.18,96,97,13.42
14,Rawson,AR,2020-12-01 03:21:11,-43.3,-65.1,68.14,28,0,5.37
15,Puerto Ayora,EC,2020-12-01 03:21:11,-0.74,-90.35,71.01,95,94,3.0
16,Pochutla,MX,2020-12-01 03:21:11,15.74,-96.47,78.8,74,40,4.7
17,Fort Myers Beach,US,2020-12-01 03:21:12,26.45,-81.95,69.01,68,40,12.75
18,Hilo,US,2020-12-01 03:21:12,19.73,-155.09,80.6,54,1,8.05
19,Dikson,RU,2020-12-01 03:21:12,73.51,80.55,25.7,98,100,12.48
20,Yellowknife,CA,2020-12-01 03:20:49,62.46,-114.35,19.4,92,90,10.29
21,Adamas,GR,2020-12-01 03:21:12,36.73,24.43,59.0,87,16,5.82
22,Alma,CA,2020-12-01 03:18:22,48.55,-71.65,37.4,100,100,12.75
23,Saldanha,ZA,2020-12-01 03:21:12,-33.01,17.94,59.0,72,81,1.12
24,Fortuna,US,2020-12-01 03:21:13,40.6,-124.16,51.01,94,46,1.01
25,Port Elizabeth,ZA,2020-12-01 03:21:13,-33.92,25.57,59.0,93,90,13.87
26,Hobart,AU,2020-12-01 03:20:21,-42.88,147.33,78.8,36,75,24.16
27,Albany,US,2020-12-01 03:21:13,42.6,-73.97,55.99,100,90,7.11
28,Acarau,BR,2020-12-01 03:21:13,-2.89,-40.12,79.25,81,100,14.05
29,Wattegama,LK,2020-12-01 03:21:13,6.8,81.48,78.8,100,75,3.36
30,Cape Town,ZA,2020-12-01 03:21:13,-33.93,18.42,60.8,63,75,3.36
31,Zyryanka,RU,2020-12-01 03:21:13,65.75,150.85,-14.71,84,0,8.39
32,Vaini,TO,2020-12-01 03:21:14,-21.2,-175.2,82.4,69,20,8.05
33,Saskylakh,RU,2020-12-01 03:21:14,71.92,114.08,22.28,95,97,18.01
34,Te Anau,NZ,2020-12-01 03:21:14,-45.42,167.72,64.63,33,100,0.47
35,Rancho Palos Verdes,US,2020-12-01 03:21:14,33.74,-118.39,63.0,29,5,8.05
36,Kaitangata,NZ,2020-12-01 03:21:14,-46.28,169.85,57.99,58,0,5.99
37,Punta Arenas,CL,2020-12-01 03:18:41,-53.15,-70.92,46.4,81,90,14.99
38,Grand-Santi,GF,2020-12-01 03:21:14,4.25,-54.38,73.38,93,100,2.28
39,Awbari,LY,2020-12-01 03:21:14,26.59,12.78,47.44,56,0,3.85
40,Cayenne,GF,2020-12-01 03:21:15,4.93,-52.33,75.2,100,100,2.24
41,Manokwari,ID,2020-12-01 03:21:15,-0.87,134.08,82.58,77,100,0.34
42,Ola,RU,2020-12-01 03:21:15,59.58,151.28,17.76,91,87,5.91
43,Kapaa,US,2020-12-01 03:18:23,22.08,-159.32,78.8,74,40,8.05
44,Kenai,US,2020-12-01 03:21:15,60.55,-151.26,30.0,86,90,26.4
45,Tevriz,RU,2020-12-01 03:21:15,57.51,72.4,5.45,93,87,4.38
46,Kasongo-Lunda,CD,2020-12-01 03:21:16,-6.47,16.82,70.07,94,100,1.74
47,Tarko-Sale,RU,2020-12-01 03:21:16,64.92,77.78,8.62,95,33,13.49
48,Ilulissat,GL,2020-12-01 03:21:17,69.22,-51.1,17.6,52,95,11.41
49,Deputatskiy,RU,2020-12-01 03:21:17,69.3,139.9,-5.82,91,100,7.11
50,Saint-Joseph,RE,2020-12-01 03:21:17,-21.37,55.62,78.8,65,0,4.7
51,Brae,GB,2020-12-01 03:21:17,60.4,-1.35,35.6,69,68,5.82
52,Bredasdorp,ZA,2020-12-01 03:21:17,-34.53,20.04,59.0,67,11,11.41
53,Dingle,PH,2020-12-01 03:21:19,11.0,122.67,84.25,75,61,15.55
54,Hasaki,JP,2020-12-01 03:21:19,35.73,140.83,57.99,62,40,6.93
55,Scarborough,GB,2020-12-01 03:18:03,54.28,-0.4,43.0,87,19,1.99
56,Butaritari,KI,2020-12-01 03:21:20,3.07,172.79,82.76,75,97,18.32
57,Vrangel,RU,2020-12-01 03:21:20,42.73,133.08,23.83,78,0,13.2
58,Leira,ES,2020-12-01 03:21:20,43.12,-8.4,46.99,100,90,5.82
59,Hermanus,ZA,2020-12-01 03:21:20,-34.42,19.23,60.01,77,71,7.0
60,Dauphin,CA,2020-12-01 03:21:20,51.15,-100.05,35.6,89,1,11.41
61,Dandong,CN,2020-12-01 03:21:20,40.13,124.39,30.9,73,1,7.09
62,Ribeira Grande,PT,2020-12-01 03:21:20,38.52,-28.7,61.36,75,14,24.34
63,Barrow,US,2020-12-01 03:21:20,71.29,-156.79,10.4,78,90,17.22
64,Corn Island,NI,2020-12-01 03:21:20,12.17,-83.04,81.72,75,100,10.98
65,Lazaro Cardenas,MX,2020-12-01 03:21:20,17.96,-102.2,77.59,81,21,3.06
66,Jamestown,US,2020-12-01 03:17:03,42.1,-79.24,37.0,100,90,6.93
67,Arraial Do Cabo,BR,2020-12-01 03:21:21,-22.97,-42.03,75.2,83,0,13.87
68,Eureka,US,2020-12-01 03:20:32,40.8,-124.16,48.99,96,48,1.99
69,Mpika,ZM,2020-12-01 03:21:21,-11.83,31.45,61.38,92,37,2.35
70,Tahe,CN,2020-12-01 03:21:21,52.33,124.73,10.27,82,0,5.28
71,Buala,SB,2020-12-01 03:21:21,-8.14,159.59,87.58,64,39,6.98
72,Kununurra,AU,2020-12-01 03:21:21,-15.77,128.73,93.2,63,10,3.36
73,Saint-Pierre,RE,2020-12-01 03:21:22,-21.34,55.48,78.8,65,0,4.7
74,Pacific Grove,US,2020-12-01 03:21:22,36.62,-121.92,51.8,70,1,4.7
75,Allende,MX,2020-12-01 03:20:01,25.28,-100.02,55.4,54,75,4.7
76,Saint George,US,2020-12-01 03:17:27,37.1,-113.58,46.4,22,1,1.07
77,Bambous Virieux,MU,2020-12-01 03:21:22,-20.34,57.76,79.0,78,75,16.11
78,Hithadhoo,MV,2020-12-01 03:21:22,-0.6,73.08,81.97,69,78,7.43
79,Carnarvon,AU,2020-12-01 03:17:29,-24.87,113.63,78.62,29,0,17.25
80,Gorele,TR,2020-12-01 03:21:23,41.03,39.0,53.6,54,0,2.24
81,Avarua,CK,2020-12-01 03:18:02,-21.21,-159.78,82.4,78,55,11.41
82,Nanortalik,GL,2020-12-01 03:21:23,60.14,-45.24,31.82,90,44,40.89
83,Itambe,BR,2020-12-01 03:21:23,-15.24,-40.62,67.8,90,54,1.83
84,Villarrica,PY,2020-12-01 03:21:23,-25.75,-56.43,70.57,95,87,3.27
85,Mujiayingzi,CN,2020-12-01 03:21:24,42.12,118.78,15.6,85,1,4.21
86,Rosarito,MX,2020-12-01 03:21:24,32.33,-117.03,60.8,62,5,5.14
87,Kiama,AU,2020-12-01 03:21:24,-34.68,150.87,82.0,73,2,20.42
88,Alice Springs,AU,2020-12-01 03:21:13,-23.7,133.88,99.0,32,75,9.17
89,Zhezkazgan,KZ,2020-12-01 03:21:24,47.8,67.71,-4.13,90,0,10.67
90,East London,ZA,2020-12-01 03:21:24,-33.02,27.91,64.15,64,0,17.47
91,Nantucket,US,2020-12-01 03:21:13,41.28,-70.1,60.8,87,90,29.97
92,Kodiak,US,2020-12-01 03:21:24,57.79,-152.41,37.4,86,1,5.82
93,Upernavik,GL,2020-12-01 03:21:24,72.79,-56.15,-4.9,86,0,12.1
94,Bengkulu,ID,2020-12-01 03:21:24,-3.8,102.27,83.19,56,57,5.17
95,Dunedin,NZ,2020-12-01 03:18:52,-45.87,170.5,55.0,65,1,18.01
96,Sainte-Maxime,FR,2020-12-01 03:21:25,43.3,6.63,43.0,76,2,5.68
97,New Norfolk,AU,2020-12-01 03:21:25,-42.78,147.06,71.01,70,100,5.99
98,Vila Franca Do Campo,PT,2020-12-01 03:21:25,37.72,-25.43,60.8,63,20,28.86
99,Busselton,AU,2020-12-01 03:21:26,-33.65,115.33,63.0,60,92,3.0
100,Nedumangad,IN,2020-12-01 03:21:26,8.6,77.0,84.2,74,20,4.21
101,Esperance,AU,2020-12-01 03:21:26,-33.87,121.9,59.0,58,90,11.41
102,Mahebourg,MU,2020-12-01 03:21:26,-20.41,57.7,78.8,78,75,16.11
103,Laguna,US,2020-12-01 03:21:26,38.42,-121.42,52.0,66,1,2.13
104,Chala,TZ,2020-12-01 03:21:26,-7.58,31.27,59.0,100,75,0.36
105,Riyadh,SA,2020-12-01 03:19:35,24.69,46.72,59.0,93,75,2.24
106,Paracatu,BR,2020-12-01 03:20:41,-17.22,-46.87,67.98,84,0,1.57
107,Mogadouro,PT,2020-12-01 03:21:27,41.34,-6.71,39.0,92,0,4.27
108,Viransehir,TR,2020-12-01 03:21:27,37.24,39.76,49.05,81,100,10.29
109,Sao Filipe,CV,2020-12-01 03:21:27,14.9,-24.5,74.37,69,100,7.92
110,Tocopilla,CL,2020-12-01 03:21:27,-22.09,-70.2,63.5,61,49,5.21
111,Lebu,CL,2020-12-01 03:21:27,-37.62,-73.65,52.39,82,0,20.87
112,Tilichiki,RU,2020-12-01 03:21:27,60.47,166.1,-6.11,94,8,10.2
113,Buluang,PH,2020-12-01 03:21:27,13.31,123.34,79.3,83,100,11.59
114,Baykit,RU,2020-12-01 03:21:28,61.67,96.37,-2.67,88,77,3.51
115,Pisco,PE,2020-12-01 03:21:28,-13.7,-76.22,66.2,82,0,6.93
116,Pevek,RU,2020-12-01 03:21:28,69.7,170.31,-10.71,90,50,8.34
117,Saint-Hyacinthe,CA,2020-12-01 03:21:28,45.62,-72.95,57.2,80,100,4.7
118,Buncrana,IE,2020-12-01 03:21:28,55.13,-7.45,44.98,77,100,3.98
119,Republic,US,2020-12-01 03:21:28,37.12,-93.48,30.99,54,1,6.89
120,Shiraoi,JP,2020-12-01 03:21:28,42.55,141.35,36.0,50,75,4.7
121,Komsomolskiy,UZ,2020-12-01 03:21:28,40.43,71.72,30.2,86,100,4.7
122,Codrington,AU,2020-12-01 03:21:29,-38.27,141.97,58.91,78,100,22.62
123,Tomakivka,UA,2020-12-01 03:21:29,47.82,34.74,35.6,93,75,8.95
124,Yoichi,JP,2020-12-01 03:21:29,43.2,140.77,32.0,93,75,18.34
125,Kendrapara,IN,2020-12-01 03:21:29,20.5,86.42,69.8,73,76,1.12
126,Tasiilaq,GL,2020-12-01 03:21:29,65.61,-37.64,26.6,86,100,11.41
127,Kiunga,PG,2020-12-01 03:21:29,-6.12,141.29,75.33,97,100,3.15
128,Hualmay,PE,2020-12-01 03:21:29,-11.1,-77.61,65.05,86,70,4.59
129,Karratha,AU,2020-12-01 03:21:30,-20.74,116.85,100.96,13,0,21.32
130,Nikolskoye,RU,2020-12-01 03:21:30,59.7,30.79,32.0,97,90,6.71
131,Trinidad,BO,2020-12-01 03:21:30,-14.83,-64.9,78.26,78,98,1.45
132,Grindavik,IS,2020-12-01 03:21:30,63.84,-22.43,44.6,100,90,27.51
133,Bethel,US,2020-12-01 03:21:30,41.37,-73.41,60.8,87,90,6.93
134,Xuddur,SO,2020-12-01 03:21:31,4.12,43.89,69.19,87,0,11.16
135,Mehamn,NO,2020-12-01 03:21:31,71.04,27.85,32.95,91,96,20.4
136,Bassano,CA,2020-12-01 03:21:31,50.78,-112.47,39.2,64,72,12.75
137,Souillac,MU,2020-12-01 03:21:31,-20.52,57.52,78.8,78,75,16.11
138,Miquelon,PM,2020-12-01 03:21:31,47.1,-56.38,40.33,71,100,11.86
139,Vilhena,BR,2020-12-01 03:21:31,-12.74,-60.15,70.32,86,35,3.33
140,Pasighat,IN,2020-12-01 03:21:31,28.07,95.33,71.53,36,0,0.6
141,Numaligarh,IN,2020-12-01 03:21:32,26.63,93.75,67.69,66,0,3.8
142,Georgetown,MY,2020-12-01 03:21:32,5.41,100.34,82.4,78,40,2.24
143,Constitucion,CL,2020-12-01 03:21:32,-35.33,-72.42,57.36,65,0,12.5
144,Margate,GB,2020-12-01 03:21:32,51.38,1.39,44.01,76,21,8.01
145,Paita,PE,2020-12-01 03:21:32,-5.09,-81.11,66.45,85,100,11.56
146,Manicore,BR,2020-12-01 03:21:32,-5.81,-61.3,73.47,94,67,1.01
147,Lagoa,PT,2020-12-01 03:21:32,39.05,-27.98,61.23,75,24,25.1
148,Bouna,CI,2020-12-01 03:21:32,9.27,-3.0,74.46,56,15,2.44
149,Visnes,NO,2020-12-01 03:21:32,59.36,5.22,44.6,81,0,26.4
150,Vila Velha,BR,2020-12-01 03:18:18,-20.33,-40.29,75.2,83,0,10.29
151,Borzna,UA,2020-12-01 03:21:33,51.25,32.43,29.84,99,100,9.08
152,Nahrin,AF,2020-12-01 03:21:33,36.06,69.13,44.53,59,5,0.78
153,Koutiala,ML,2020-12-01 03:21:33,12.39,-5.46,73.96,30,0,7.38
154,Port Alfred,ZA,2020-12-01 03:21:33,-33.59,26.89,60.93,79,3,14.88
155,Wapi Pathum,TH,2020-12-01 03:21:33,15.85,103.38,82.0,57,40,9.17
156,Mapiri,BO,2020-12-01 03:21:34,-15.25,-68.17,68.86,89,100,0.6
157,Airai,TL,2020-12-01 03:21:34,-8.93,125.41,76.8,68,47,2.17
158,Takoradi,GH,2020-12-01 03:21:34,4.88,-1.76,78.44,86,1,5.39
159,Lompoc,US,2020-12-01 03:17:36,34.64,-120.46,55.4,87,1,4.7
160,Katsuura,JP,2020-12-01 03:21:34,35.13,140.3,59.0,66,20,5.82
161,Kampong Thum,KH,2020-12-01 03:21:34,12.71,104.89,74.26,81,99,5.37
162,Wyndham,US,2020-12-01 03:21:34,37.7,-77.61,48.99,73,21,1.01
163,Qaanaaq,GL,2020-12-01 03:21:35,77.48,-69.36,-6.32,79,98,3.51
164,Muleba,TZ,2020-12-01 03:21:35,-1.84,31.65,66.2,93,20,5.82
165,Hamilton,US,2020-12-01 03:21:35,39.18,-84.53,30.99,92,90,17.22
166,Mayo,US,2020-12-01 03:21:35,38.89,-76.51,53.01,76,75,6.93
167,Paraiso,CR,2020-12-01 03:21:35,9.84,-83.87,71.6,73,0,9.17
168,Goderich,CA,2020-12-01 03:21:35,43.75,-81.72,32.0,93,100,17.22
169,Geraldton,AU,2020-12-01 03:16:39,-28.77,114.6,73.4,25,0,14.99
170,Tsaratanana,MG,2020-12-01 03:21:35,-16.78,47.65,75.78,78,76,2.64
171,Haines Junction,CA,2020-12-01 03:21:36,60.75,-137.51,30.2,63,100,10.29
172,Jambusar,IN,2020-12-01 03:21:21,22.05,72.8,69.8,77,0,4.7
173,Sao Joao Da Barra,BR,2020-12-01 03:21:36,-21.64,-41.05,74.07,87,64,16.13
174,Yabelo,ET,2020-12-01 03:21:36,4.88,38.08,60.22,73,72,4.63
175,Atuona,PF,2020-12-01 03:21:36,-9.8,-139.03,78.39,76,2,15.9
176,Kahului,US,2020-12-01 03:21:36,20.89,-156.47,80.6,54,40,11.41
177,Kendari,ID,2020-12-01 03:21:36,-3.94,122.5,88.48,60,100,3.4
178,Palmdale,US,2020-12-01 03:18:04,34.58,-118.12,51.01,21,1,4.7
179,Mar Del Plata,AR,2020-12-01 03:19:55,-38.0,-57.56,57.0,71,0,5.82
180,Clyde River,CA,2020-12-01 03:21:37,70.47,-68.59,-7.6,69,1,3.36
181,Tautira,PF,2020-12-01 03:21:37,-17.73,-149.15,82.4,78,20,3.36
182,Kruisfontein,ZA,2020-12-01 03:21:38,-34.0,24.73,59.0,88,94,4.0
183,Kropotkin,RU,2020-12-01 03:21:38,45.44,40.58,37.87,77,0,17.87
184,Dickinson,US,2020-12-01 03:21:38,29.46,-95.05,50.0,48,1,4.7
185,Waipawa,NZ,2020-12-01 03:21:38,-41.41,175.52,59.0,62,42,26.4
186,Maragogi,BR,2020-12-01 03:21:38,-9.01,-35.22,75.67,79,16,5.79
187,Talaya,RU,2020-12-01 03:21:39,61.38,152.75,-4.95,89,38,1.19
188,Weligama,LK,2020-12-01 03:21:39,5.97,80.42,80.76,80,100,3.22
189,Uruacu,BR,2020-12-01 03:21:39,-14.52,-49.14,70.21,75,36,2.26
190,Tome,CL,2020-12-01 03:21:39,-36.62,-72.95,55.4,82,0,10.29
191,Tutoia,BR,2020-12-01 03:21:39,-2.76,-42.27,78.84,85,100,12.71
192,Clarence Town,AU,2020-12-01 03:21:39,-32.58,151.78,95.0,48,0,6.93
193,Hofn,IS,2020-12-01 03:21:39,64.25,-15.21,44.33,94,100,16.51
194,Winfield,US,2020-12-01 03:21:40,37.24,-97.0,32.0,58,1,4.7
195,Stabat,ID,2020-12-01 03:21:40,3.76,98.45,84.2,83,75,9.17
196,Cabo San Lucas,MX,2020-12-01 03:20:48,22.89,-109.91,68.0,72,5,8.05
197,Alihe,CN,2020-12-01 03:21:40,50.57,123.72,11.97,80,2,3.91
198,Zlobin,HR,2020-12-01 03:21:40,45.29,14.65,37.0,51,13,3.0
199,Ekhabi,RU,2020-12-01 03:21:40,53.51,142.97,15.46,94,100,17.49
200,Babushkin,RU,2020-12-01 03:21:40,51.71,105.86,23.83,94,100,12.3
201,Norman Wells,CA,2020-12-01 03:21:40,65.28,-126.83,-4.0,76,20,5.82
202,Petropavlovsk-Kamchatskiy,RU,2020-12-01 03:21:41,53.05,158.65,23.0,67,41,4.47
203,Cabedelo,BR,2020-12-01 03:19:50,-6.98,-34.83,75.2,88,40,4.7
204,Beringovskiy,RU,2020-12-01 03:21:41,63.05,179.32,-0.92,92,31,10.63
205,Tiksi,RU,2020-12-01 03:21:41,71.69,128.87,2.55,88,100,41.36
206,Dasol,PH,2020-12-01 03:21:41,15.99,119.88,82.58,60,99,5.95
207,Beloha,MG,2020-12-01 03:21:41,-25.17,45.05,72.21,87,9,5.82
208,Namatanai,PG,2020-12-01 03:21:41,-3.67,152.43,85.69,64,100,6.29
209,Praia,CV,2020-12-01 03:21:41,14.92,-23.51,73.4,69,0,9.17
210,Arica,CL,2020-12-01 03:21:16,-18.48,-70.3,64.89,81,100,1.86
211,Haimen,CN,2020-12-01 03:21:42,23.19,116.61,66.2,59,40,8.95
212,San Fernando,PH,2020-12-01 03:21:42,15.03,120.69,84.2,58,75,6.93
213,Ucluelet,CA,2020-12-01 03:21:42,48.93,-125.55,43.0,83,46,11.18
214,Haifa,IL,2020-12-01 03:17:51,32.82,34.99,62.02,68,0,5.75
215,Lubao,PH,2020-12-01 03:21:42,14.92,120.55,84.2,58,75,6.93
216,Bilibino,RU,2020-12-01 03:21:42,68.05,166.44,-16.62,86,99,1.01
217,Lufkin,US,2020-12-01 03:21:42,31.34,-94.73,35.6,69,1,3.36
218,Fort Nelson,CA,2020-12-01 03:20:56,58.81,-122.7,35.6,40,5,10.29
219,Harper,LR,2020-12-01 03:21:43,4.38,-7.72,78.44,83,75,3.24
220,Idrinskoye,RU,2020-12-01 03:21:43,54.37,92.14,6.19,93,100,1.39
221,Caravelas,BR,2020-12-01 03:21:43,-17.71,-39.25,72.45,91,0,4.29
222,Balakhta,RU,2020-12-01 03:21:43,55.38,91.6,8.51,95,100,6.64
223,Lorengau,PG,2020-12-01 03:21:43,-2.02,147.27,85.28,69,89,6.55
224,Kavieng,PG,2020-12-01 03:21:43,-2.57,150.8,85.06,72,91,9.95
225,Christchurch,NZ,2020-12-01 03:20:22,-43.53,172.63,61.0,48,33,2.24
226,Shellbrook,CA,2020-12-01 03:21:43,53.22,-106.4,5.0,92,75,5.82
227,Nioaque,BR,2020-12-01 03:17:58,-21.14,-55.83,75.47,79,100,5.35
228,Skjervoy,NO,2020-12-01 03:21:43,70.03,20.97,38.89,87,100,16.4
229,Vanavara,RU,2020-12-01 03:21:44,60.34,102.28,2.95,93,91,7.45
230,Porteirinha,BR,2020-12-01 03:21:44,-15.74,-43.03,64.49,70,0,4.36
231,Lengshuijiang,CN,2020-12-01 03:21:44,27.69,111.43,50.34,68,93,1.45
232,Longyearbyen,SJ,2020-12-01 03:21:44,78.22,15.64,14.0,56,75,8.05
233,Saint-Augustin,CA,2020-12-01 03:21:44,51.23,-58.65,28.02,91,100,2.17
234,Pundaguitan,PH,2020-12-01 03:21:44,6.37,126.17,83.44,73,95,3.38
235,Luderitz,NA,2020-12-01 03:21:44,-26.65,15.16,57.2,71,0,12.75
236,Padang,ID,2020-12-01 03:21:44,-0.95,100.35,78.8,83,40,9.17
237,Mayumba,GA,2020-12-01 03:21:44,-3.43,10.66,76.77,89,93,6.29
238,Provideniya,RU,2020-12-01 03:21:45,64.38,-173.3,19.4,67,20,20.13
239,Lata,PT,2020-12-01 03:21:45,40.16,-8.33,55.99,76,0,8.05
240,Tuy Hoa,VN,2020-12-01 03:21:45,13.08,109.3,76.91,87,100,14.14
241,Prince Rupert,CA,2020-12-01 03:21:45,54.32,-130.32,42.8,75,75,14.99
242,Arlit,NE,2020-12-01 03:21:45,18.74,7.39,73.27,21,68,5.26
243,Vasilyevskiy Mokh,RU,2020-12-01 03:21:45,57.01,35.92,29.98,97,100,5.97
244,Floro,NO,2020-12-01 03:21:45,61.6,5.03,42.8,75,6,8.05
245,Dongsheng,CN,2020-12-01 03:21:45,39.82,109.98,19.11,91,76,3.11
246,Bonavista,CA,2020-12-01 03:21:45,48.65,-53.11,35.01,74,95,4.7
247,Belle Fourche,US,2020-12-01 03:21:46,44.67,-103.85,44.6,17,1,3.15
248,Tombouctou,ML,2020-12-01 03:21:46,20.0,-3.0,71.17,21,100,11.27
249,Kazuno,JP,2020-12-01 03:17:26,40.18,140.79,39.2,60,75,14.99
250,Yerbogachen,RU,2020-12-01 03:21:46,61.28,108.01,0.59,92,91,9.37
251,Fare,PF,2020-12-01 03:21:46,-16.7,-151.02,81.3,78,30,14.25
252,Okhotsk,RU,2020-12-01 03:21:46,59.38,143.3,-2.04,88,0,15.84
253,Sitka,US,2020-12-01 03:21:46,57.05,-135.33,41.0,75,90,18.34
254,Valer,NO,2020-12-01 03:21:46,60.68,11.83,33.01,96,75,4.7
255,Oxford,GB,2020-12-01 03:17:55,51.75,-1.26,39.2,86,34,3.36
256,Zhangye,CN,2020-12-01 03:21:47,38.93,100.45,21.85,81,95,1.19
257,Joao Pinheiro,BR,2020-12-01 03:21:47,-17.74,-46.17,68.38,78,0,2.3
258,Makokou,GA,2020-12-01 03:21:47,0.57,12.86,68.56,95,13,2.26
259,Itarema,BR,2020-12-01 03:21:47,-2.92,-39.92,79.54,80,90,14.18
260,Narsaq,GL,2020-12-01 03:21:47,60.92,-46.05,30.2,63,31,17.22
261,Fuente De Oro,CO,2020-12-01 03:21:47,3.46,-73.61,72.88,90,48,3.76
262,Sumbe,AO,2020-12-01 03:21:47,-11.21,13.84,76.68,81,100,5.21
263,Khandbari,NP,2020-12-01 03:21:47,27.37,87.2,66.51,39,0,0.89
264,Quatre Cocos,MU,2020-12-01 03:21:48,-20.21,57.76,79.0,78,75,16.11
265,Carutapera,BR,2020-12-01 03:21:48,-1.2,-46.02,76.1,91,63,3.8
266,Port Blair,IN,2020-12-01 03:21:48,11.67,92.75,83.91,74,20,19.24
267,Novyy Urgal,RU,2020-12-01 03:21:48,51.07,132.56,3.87,82,33,0.29
268,Boende,CD,2020-12-01 03:21:48,-0.22,20.87,71.8,78,0,1.1
269,Talnakh,RU,2020-12-01 03:21:48,69.49,88.4,21.2,92,90,22.37
270,Portland,US,2020-12-01 03:19:50,45.52,-122.68,42.8,86,1,3.09
271,Leningradskiy,RU,2020-12-01 03:21:48,69.38,178.42,-4.16,90,33,5.14
272,Port Augusta,AU,2020-12-01 03:21:48,-32.5,137.77,75.2,36,40,21.92
273,Sistranda,NO,2020-12-01 03:21:48,63.73,8.83,41.0,80,40,24.16
274,Dawei,MM,2020-12-01 03:21:49,14.08,98.2,81.23,59,66,11.41
275,Aykhal,RU,2020-12-01 03:21:49,66.0,111.5,6.8,92,0,2.24
276,Gisborne,NZ,2020-12-01 03:21:49,-38.65,178.0,57.0,94,100,15.01
277,Gwadar,PK,2020-12-01 03:21:49,25.12,62.33,70.07,52,0,3.69
278,Sungaipenuh,ID,2020-12-01 03:21:49,-2.08,101.38,78.8,44,55,4.7
279,Atar,MR,2020-12-01 03:21:49,20.52,-13.05,70.81,24,100,5.26
280,Sangar,RU,2020-12-01 03:21:49,63.92,127.47,-21.48,86,100,6.93
281,Naze,JP,2020-12-01 03:21:50,28.37,129.48,71.6,60,75,21.92
282,Aasiaat,GL,2020-12-01 03:21:50,68.71,-52.87,13.17,92,17,7.74
283,Charyshskoye,RU,2020-12-01 03:21:50,51.4,83.56,11.28,90,1,2.95
284,Sao Miguel Do Araguaia,BR,2020-12-01 03:21:50,-13.28,-50.16,75.83,61,2,5.68
285,Sabang,ID,2020-12-01 03:20:23,5.89,95.32,81.84,72,100,1.25
286,Zhangzhou,CN,2020-12-01 03:21:50,24.51,117.66,66.2,59,90,13.42
287,Kholmogory,RU,2020-12-01 03:21:50,64.22,41.66,32.0,98,90,11.18
288,Chuy,UY,2020-12-01 03:21:50,-33.7,-53.46,56.77,76,25,4.32
289,Havelock,US,2020-12-01 03:21:51,34.88,-76.9,57.99,67,75,11.41
290,Muzhi,RU,2020-12-01 03:21:51,65.37,64.67,14.38,94,0,5.41
291,Paamiut,GL,2020-12-01 03:21:51,61.99,-49.67,28.38,87,2,26.91
292,Tiarei,PF,2020-12-01 03:21:51,-17.53,-149.33,82.4,78,20,3.36
293,Biryusinsk,RU,2020-12-01 03:21:51,55.96,97.82,12.09,94,100,12.01
294,Mattru,SL,2020-12-01 03:21:51,7.62,-11.83,73.56,97,2,1.48
295,Ewa Beach,US,2020-12-01 03:21:51,21.32,-158.01,80.6,57,20,8.05
296,Samarai,PG,2020-12-01 03:21:51,-10.62,150.67,83.41,78,89,11.16
297,Khartoum,SD,2020-12-01 03:21:15,15.55,32.53,66.2,24,0,9.17
298,Marzuq,YE,2020-12-01 03:21:52,14.4,46.47,59.02,80,0,3.2
299,Ketchikan,US,2020-12-01 03:21:52,55.34,-131.65,39.2,93,90,17.22
300,Palauig,PH,2020-12-01 03:21:52,15.44,119.9,82.4,60,53,5.91
301,Tuatapere,NZ,2020-12-01 03:21:52,-46.13,167.68,62.01,48,100,4.0
302,Saint Anthony,US,2020-12-01 03:21:52,45.02,-93.22,23.0,72,1,3.69
303,Aksarka,RU,2020-12-01 03:21:52,66.56,67.8,19.85,94,59,14.94
304,Amarkantak,IN,2020-12-01 03:21:52,22.67,81.75,63.75,50,0,1.88
305,Taybad,IR,2020-12-01 03:21:53,34.74,60.78,38.89,72,0,2.86
306,Bowen,AU,2020-12-01 03:21:53,-20.02,148.23,89.6,49,0,12.75
307,Sakaiminato,JP,2020-12-01 03:21:53,35.55,133.23,55.4,62,75,3.36
308,Kirakira,SB,2020-12-01 03:21:53,-10.45,161.92,85.73,69,100,6.67
309,Pangnirtung,CA,2020-12-01 03:21:53,66.15,-65.71,-3.33,75,1,5.48
310,Vagur,FO,2020-12-01 03:21:53,61.47,-6.81,44.04,76,100,20.58
311,Along,IN,2020-12-01 03:21:53,28.17,94.77,65.01,37,0,0.4
312,Praxedis Guerrero,MX,2020-12-01 03:21:53,31.37,-106.02,46.4,36,5,5.82
313,Moshupa,BW,2020-12-01 03:21:53,-24.78,25.42,69.8,100,75,5.82
314,Tibiri,NE,2020-12-01 03:21:54,13.56,7.05,70.41,22,0,9.13
315,Coquimbo,CL,2020-12-01 03:21:54,-29.95,-71.34,55.4,93,0,6.93
316,Nizwa,OM,2020-12-01 03:21:54,22.93,57.53,59.32,66,0,0.92
317,Gladstone,AU,2020-12-01 03:21:54,-23.85,151.25,87.8,48,34,12.75
318,Chokurdakh,RU,2020-12-01 03:21:54,70.63,147.92,4.14,94,100,15.17
319,Nogales,MX,2020-12-01 03:21:20,31.31,-110.94,50.0,27,1,6.93
320,Hami,CN,2020-12-01 03:21:54,42.8,93.45,26.49,84,92,6.4
321,Jamu Mare,RO,2020-12-01 03:21:54,45.25,21.42,19.4,85,90,1.12
322,Iqaluit,CA,2020-12-01 03:21:54,63.75,-68.51,-13.0,69,5,6.93
323,Thompson,CA,2020-12-01 03:18:35,55.74,-97.86,14.0,92,40,3.36
324,Cruzeiro Do Sul,BR,2020-12-01 03:21:55,-29.51,-51.99,70.0,86,88,1.01
325,Aklavik,CA,2020-12-01 03:20:06,68.22,-135.01,-7.6,76,60,4.7
326,Bela Vista De Goias,BR,2020-12-01 03:21:55,-16.97,-48.95,73.4,78,0,3.36
327,Moose Factory,CA,2020-12-01 03:21:55,51.26,-80.61,19.4,79,75,5.82
328,Shihezi,CN,2020-12-01 03:19:32,44.3,86.03,20.95,90,0,3.02
329,Tupik,RU,2020-12-01 03:21:55,54.43,119.93,-3.69,85,1,2.48
330,Erzin,TR,2020-12-01 03:21:55,36.96,36.2,54.0,85,100,13.0
331,Victoria,HK,2020-12-01 03:17:27,22.29,114.16,68.0,65,0,9.33
332,Ilhabela,BR,2020-12-01 03:21:56,-23.78,-45.36,74.64,87,100,4.79
333,Mount Gambier,AU,2020-12-01 03:21:56,-37.83,140.77,64.4,48,75,31.09
334,Vardo,NO,2020-12-01 03:21:56,70.37,31.11,33.87,92,100,35.43
335,Russell,US,2020-12-01 03:21:56,32.35,-85.2,39.2,60,90,14.99
336,Zhigansk,RU,2020-12-01 03:21:56,66.77,123.37,-8.09,90,100,19.98
337,Kampene,CD,2020-12-01 03:21:56,-3.6,26.67,66.34,96,52,1.05
338,Shiraz,IR,2020-12-01 03:18:56,29.6,52.54,46.4,100,75,3.15
339,Graham,US,2020-12-01 03:21:57,47.05,-122.29,43.0,80,20,6.82
340,Dawson Creek,CA,2020-12-01 03:21:57,55.77,-120.24,35.6,51,1,17.22
341,Fort Morgan,US,2020-12-01 03:17:44,40.25,-103.8,33.8,47,1,7.7
342,Salalah,OM,2020-12-01 03:21:57,17.02,54.09,75.2,78,75,3.36
343,Yulara,AU,2020-12-01 03:21:57,-25.24,130.99,86.0,40,6,17.22
344,Serebryansk,KZ,2020-12-01 03:21:57,49.69,83.29,-9.4,83,90,2.24
345,Obuasi,GH,2020-12-01 03:21:58,6.21,-1.66,71.83,99,50,1.01
346,Mocuba,MZ,2020-12-01 03:21:58,-16.84,36.99,72.21,96,72,0.38
347,Yablochnyy,RU,2020-12-01 03:21:58,47.17,142.07,23.0,67,40,6.71
348,San Carlos,VE,2020-12-01 03:21:58,9.66,-68.58,74.12,89,41,2.57
349,Hambantota,LK,2020-12-01 03:21:58,6.12,81.12,78.8,100,75,3.36
350,Raudeberg,NO,2020-12-01 03:21:58,61.99,5.14,42.8,75,40,8.05
351,Awassa,ET,2020-12-01 03:21:58,7.05,38.47,58.42,75,20,2.01
352,Meulaboh,ID,2020-12-01 03:21:59,4.14,96.13,82.69,74,100,3.04
353,Kidal,ML,2020-12-01 03:21:59,18.44,1.41,71.02,21,96,10.92
354,Samarkand,UZ,2020-12-01 03:21:59,39.65,66.96,35.6,80,75,2.24
355,Mustang,US,2020-12-01 03:21:59,35.38,-97.72,35.01,63,1,9.17
356,Poum,NC,2020-12-01 03:21:59,-20.23,164.02,76.39,72,94,19.73
357,Kavaratti,IN,2020-12-01 03:22:00,10.57,72.64,82.38,77,59,10.13
358,Duyun,CN,2020-12-01 03:22:00,26.27,107.52,43.95,74,100,3.33
359,Shar,KZ,2020-12-01 03:22:00,49.59,81.05,0.81,93,100,2.04
360,Sarakhs,IR,2020-12-01 03:22:00,36.54,61.16,35.6,93,0,2.24
361,Neuquen,AR,2020-12-01 03:22:00,-38.95,-68.06,69.8,49,0,3.06
362,Ancud,CL,2020-12-01 03:22:00,-41.87,-73.82,51.01,71,90,5.82
363,Pecos,US,2020-12-01 03:22:00,31.42,-103.49,39.2,25,1,9.31
364,Horki,BY,2020-12-01 03:22:00,54.29,30.98,25.23,97,54,5.53
365,Vao,NC,2020-12-01 03:22:01,-22.67,167.48,74.43,60,58,8.01
366,Nguru,NG,2020-12-01 03:22:01,12.88,10.45,67.64,23,0,9.37
367,Lichtenburg,ZA,2020-12-01 03:22:01,-26.15,26.16,63.45,79,34,7.81
368,Cidreira,BR,2020-12-01 03:22:01,-30.18,-50.21,68.0,79,91,11.61
369,Oranjemund,NA,2020-12-01 03:22:02,-28.55,16.43,58.46,81,67,11.74
370,Vagay,RU,2020-12-01 03:22:02,57.94,69.02,4.14,93,28,4.47
371,Namibe,AO,2020-12-01 03:22:02,-15.2,12.15,69.84,72,0,6.11
372,Severo-Kurilsk,RU,2020-12-01 03:22:02,50.68,156.12,32.11,88,59,8.55
373,Wuda,CN,2020-12-01 03:22:02,39.5,106.71,21.85,88,100,5.91
374,Gorontalo,ID,2020-12-01 03:21:08,0.54,123.06,88.41,58,100,3.02
375,Lasa,IT,2020-12-01 03:22:02,46.62,10.7,28.4,68,5,4.7
376,Prado,BR,2020-12-01 03:22:02,-17.34,-39.22,73.56,90,0,5.32
377,Whitehorse,CA,2020-12-01 03:22:03,60.72,-135.05,24.8,73,75,21.92
378,Port Lincoln,AU,2020-12-01 03:22:03,-34.73,135.87,64.04,46,0,24.7
379,Havre-Saint-Pierre,CA,2020-12-01 03:22:03,50.23,-63.6,33.8,88,90,11.41
380,Mwene-Ditu,CD,2020-12-01 03:22:03,-7.0,23.45,65.82,98,100,3.18
381,Kargasok,RU,2020-12-01 03:22:03,59.06,80.86,5.41,94,86,8.81
382,Burgeo,CA,2020-12-01 03:18:33,47.62,-57.62,37.54,78,100,9.31
383,Camacha,PT,2020-12-01 03:22:04,33.08,-16.33,64.4,68,20,24.16
384,Lyskovo,RU,2020-12-01 03:22:04,56.03,45.04,21.25,94,31,13.76
385,Faanui,PF,2020-12-01 03:22:04,-16.48,-151.75,80.74,79,21,13.94
386,Guerrero Negro,MX,2020-12-01 03:22:04,27.98,-114.06,63.0,59,5,10.31
387,Wanaka,NZ,2020-12-01 03:22:05,-44.7,169.15,62.13,40,72,3.69
388,Dudinka,RU,2020-12-01 03:22:05,69.41,86.18,21.2,92,90,22.37
389,Ponta Do Sol,PT,2020-12-01 03:22:05,32.67,-17.1,64.4,72,40,27.51
390,Klaksvik,FO,2020-12-01 03:22:05,62.23,-6.59,39.2,80,100,14.99
391,Atagay,RU,2020-12-01 03:22:06,55.1,99.39,17.06,93,100,10.6
392,Sergeyevka,KZ,2020-12-01 03:22:06,53.88,67.42,-0.98,91,0,5.48
393,Rocha,UY,2020-12-01 03:22:06,-34.48,-54.33,49.75,81,0,2.66
394,Hay River,CA,2020-12-01 03:22:06,60.82,-115.8,23.0,92,100,14.99
395,Energeticheskiy,KZ,2020-12-01 03:22:06,43.43,77.02,12.2,85,75,4.47
396,Raga,SS,2020-12-01 03:22:06,8.46,25.68,64.71,26,0,3.13
397,Awjilah,LY,2020-12-01 03:22:06,29.11,21.29,57.13,86,0,12.59
398,Sivaki,RU,2020-12-01 03:22:07,52.63,126.75,6.17,89,0,6.49
399,Majene,ID,2020-12-01 03:22:07,-3.54,118.97,88.79,56,89,7.54
400,Hirara,JP,2020-12-01 03:22:07,24.8,125.28,73.4,68,75,21.92
401,Avila,ES,2020-12-01 03:22:07,40.58,-5.0,37.99,89,0,0.56
402,Matara,LK,2020-12-01 03:22:08,5.95,80.54,81.14,79,100,1.54
403,Mezen,RU,2020-12-01 03:22:08,65.85,44.24,30.34,96,100,13.24
404,Rapu-Rapu,PH,2020-12-01 03:22:08,13.19,124.13,81.84,81,100,24.43
405,Maceio,BR,2020-12-01 03:21:42,-9.67,-35.74,71.6,94,20,2.24
406,Union De San Antonio,MX,2020-12-01 03:22:08,21.1,-101.97,53.6,66,40,12.75
407,Chortomlyk,UA,2020-12-01 03:22:08,47.62,34.14,41.25,82,100,15.01
408,Lethem,GY,2020-12-01 03:22:08,3.38,-59.8,76.87,82,13,9.01
409,Anadyr,RU,2020-12-01 03:22:08,64.75,177.48,-11.2,76,55,2.24
410,Itoman,JP,2020-12-01 03:22:08,26.12,127.67,69.8,73,75,19.46
411,Belyy Yar,RU,2020-12-01 03:22:09,53.6,91.39,1.4,84,100,0.67
412,Payyannur,IN,2020-12-01 03:22:09,12.1,75.2,78.8,74,20,9.17
413,Kamenka,RU,2020-12-01 03:22:09,51.32,42.77,19.99,88,0,4.0
414,Amapala,HN,2020-12-01 03:22:09,13.29,-87.65,77.5,81,71,1.23
415,Necochea,AR,2020-12-01 03:22:09,-38.55,-58.74,53.01,78,0,16.49
416,Fairbanks,US,2020-12-01 03:20:10,64.84,-147.72,1.4,84,75,5.32
417,Felipe Carrillo Puerto,MX,2020-12-01 03:22:09,19.58,-88.05,68.36,95,66,6.02
418,Ostrovnoy,RU,2020-12-01 03:22:10,68.05,39.51,33.75,90,100,20.65
419,Olafsvik,IS,2020-12-01 03:22:10,64.89,-23.71,44.2,96,100,22.06
420,Djougou,BJ,2020-12-01 03:22:10,9.71,1.67,71.6,46,0,4.7
421,Adrar,MR,2020-12-01 03:22:10,20.5,-10.07,71.31,22,100,6.78
422,Massakory,TD,2020-12-01 03:22:10,13.0,15.73,70.05,21,2,9.69
423,Omboue,GA,2020-12-01 03:22:10,-1.57,9.26,76.12,90,100,2.68
424,Ugoofaaru,MV,2020-12-01 03:22:10,5.67,73.0,82.56,72,44,4.18
425,Luba,GQ,2020-12-01 03:22:10,3.46,8.55,78.8,100,20,5.82
426,Phangnga,TH,2020-12-01 03:22:11,8.45,98.53,81.0,83,75,3.36
427,Hinton,CA,2020-12-01 03:22:11,53.4,-117.59,35.6,47,12,9.17
428,Peniche,PT,2020-12-01 03:22:11,39.36,-9.38,60.01,77,56,13.0
429,Banda Aceh,ID,2020-12-01 03:22:11,5.56,95.32,83.05,70,100,0.92
430,Emerald,AU,2020-12-01 03:22:11,-23.53,148.17,96.01,28,0,11.41
431,Yeppoon,AU,2020-12-01 03:22:11,-23.13,150.73,93.2,36,0,9.17
432,San Pedro,PH,2020-12-01 03:22:12,14.35,121.02,87.01,55,40,9.17
433,La Palma,US,2020-12-01 03:19:41,33.85,-118.05,61.0,38,1,3.11
434,Halmasd,RO,2020-12-01 03:22:12,47.15,22.62,28.4,100,0,5.82
435,Sola,VU,2020-12-01 03:22:12,-13.88,167.55,77.0,94,90,20.89
436,Port Macquarie,AU,2020-12-01 03:22:12,-31.43,152.92,89.01,47,1,4.0
437,Plouzane,FR,2020-12-01 03:22:12,48.38,-4.62,51.8,93,90,12.75
438,Sotik,KE,2020-12-01 03:22:12,-0.68,35.12,53.6,93,90,2.17
439,Svetlogorsk,BY,2020-12-01 03:22:12,52.63,29.73,26.87,98,8,2.37
440,Sulangan,PH,2020-12-01 03:22:13,11.14,123.72,82.38,79,95,17.69
441,Kasimov,RU,2020-12-01 03:22:13,54.94,41.4,28.35,92,100,12.8
442,Ubauro,PK,2020-12-01 03:22:13,28.17,69.73,67.39,23,0,2.1
443,Grand-Lahou,CI,2020-12-01 03:22:13,5.14,-5.02,78.28,82,69,5.3
444,Flinders,AU,2020-12-01 03:22:13,-34.58,150.86,82.0,66,1,7.0
445,Moosburg,DE,2020-12-01 03:22:13,48.47,11.93,27.0,92,0,2.24
446,Teya,RU,2020-12-01 03:22:13,60.38,92.63,-1.23,90,95,4.43
447,Kazerun,IR,2020-12-01 03:22:13,29.62,51.65,57.4,71,53,0.81
448,Korla,CN,2020-12-01 03:18:22,41.76,86.15,27.3,90,83,6.67
449,Moron,AR,2020-12-01 03:21:35,-34.65,-58.62,66.0,69,0,4.0
450,Santiago Del Estero,AR,2020-12-01 03:22:14,-27.8,-64.26,71.01,84,0,6.4
451,Yining,CN,2020-12-01 03:22:14,29.04,114.56,49.68,65,47,2.33
452,Saint Marys,US,2020-12-01 03:22:14,30.73,-81.55,52.0,76,75,19.46
453,Trzcianka,PL,2020-12-01 03:22:14,53.04,16.46,30.99,90,54,10.29
454,Batticaloa,LK,2020-12-01 03:19:13,7.71,81.69,79.41,84,100,15.28
455,Magadan,RU,2020-12-01 03:22:14,59.57,150.8,18.34,91,94,4.54
456,Abu Zabad,SD,2020-12-01 03:22:14,12.35,29.25,62.56,28,0,11.45
457,Owando,CG,2020-12-01 03:22:15,-0.48,15.9,71.26,87,4,1.52
458,Bocas Del Toro,PA,2020-12-01 03:22:15,9.33,-82.25,64.0,93,100,14.97
459,Benghazi,LY,2020-12-01 03:22:15,32.12,20.07,65.44,74,4,20.62
460,Khasan,RU,2020-12-01 03:22:16,42.43,130.64,29.23,78,0,17.02
461,Manavalakurichi,IN,2020-12-01 03:22:16,8.13,77.3,84.2,74,20,7.94
462,Ukiah,US,2020-12-01 03:19:08,39.15,-123.21,51.8,57,1,3.36
463,Amahai,ID,2020-12-01 03:22:01,-3.33,128.92,83.17,73,100,1.86
464,Evensk,RU,2020-12-01 03:22:16,61.95,159.23,1.44,74,82,3.42
465,Miracema Do Tocantins,BR,2020-12-01 03:22:16,-9.56,-48.4,75.29,66,72,0.74
466,Buta,CD,2020-12-01 03:22:17,2.79,24.73,67.39,86,28,0.4
467,Taoudenni,ML,2020-12-01 03:22:17,22.68,-3.98,68.61,24,92,9.89
468,Whitianga,NZ,2020-12-01 03:22:17,-36.83,175.7,72.0,69,96,8.99
469,Santa Marta,CO,2020-12-01 03:21:51,11.24,-74.2,82.99,80,100,3.0
470,Pacasmayo,PE,2020-12-01 03:22:17,-7.4,-79.57,66.22,82,84,9.42
471,Naryan-Mar,RU,2020-12-01 03:22:18,67.67,53.09,30.15,97,100,20.85
472,Esmeraldas,BR,2020-12-01 03:22:18,-19.76,-44.31,75.2,57,0,6.93
473,Honiara,SB,2020-12-01 03:22:18,-9.43,159.95,89.6,70,40,16.11
474,Wajir,KE,2020-12-01 03:22:18,1.75,40.06,76.19,78,0,11.07
475,Tagusao,PH,2020-12-01 03:22:18,9.19,117.81,84.11,70,88,6.64
476,Vestmannaeyjar,IS,2020-12-01 03:22:18,63.44,-20.27,46.92,95,100,25.39
477,Sandy Bay,AU,2020-12-01 03:22:18,-42.91,147.35,78.8,36,75,24.16
478,Bathsheba,BB,2020-12-01 03:22:18,13.22,-59.52,80.6,78,20,17.22
479,Thaba-Tseka,LS,2020-12-01 03:22:18,-29.52,28.61,51.06,60,0,6.24
480,Jumla,NP,2020-12-01 03:22:19,29.27,82.18,54.45,34,0,0.94
481,Manvi,IN,2020-12-01 03:22:19,15.98,77.05,73.06,72,47,4.99
482,Sakakah,SA,2020-12-01 03:22:19,29.97,40.21,50.0,81,0,9.17
483,Honjo,JP,2020-12-01 03:22:19,36.23,139.18,57.0,43,0,1.21
484,Mincivan,AZ,2020-12-01 03:22:19,39.03,46.72,42.46,80,68,1.5
485,Regente Feijo,BR,2020-12-01 03:22:19,-22.22,-51.3,78.8,61,0,8.05
486,Shakiso,ET,2020-12-01 03:22:20,5.75,38.92,54.68,90,11,3.58
487,Cervo,ES,2020-12-01 03:22:20,43.67,-7.41,39.0,100,84,1.01
488,Roma,US,2020-12-01 03:21:33,43.21,-75.46,51.8,87,90,6.93
489,Great Yarmouth,GB,2020-12-01 03:22:20,52.61,1.73,46.99,87,48,9.17
490,Mgandu,TZ,2020-12-01 03:22:20,-5.95,34.13,62.15,88,94,1.32
491,Goundi,TD,2020-12-01 03:22:21,9.36,17.37,69.55,34,77,2.93
492,San Quintin,MX,2020-12-01 03:22:21,30.48,-115.95,59.68,66,4,6.82
493,La Ronge,CA,2020-12-01 03:22:21,55.1,-105.28,10.4,85,100,1.12
494,Long Beach,US,2020-12-01 03:17:42,33.77,-118.19,63.0,51,1,4.7
495,San Cristobal,VE,2020-12-01 03:22:21,7.77,-72.22,65.16,89,100,2.06
496,Balykshi,KZ,2020-12-01 03:18:36,47.07,51.87,12.2,78,0,24.61
497,Ulladulla,AU,2020-12-01 03:22:21,-35.35,150.47,89.01,51,0,11.41
498,Oranjestad,AW,2020-12-01 03:22:21,12.52,-70.03,82.4,83,20,13.87
499,Bereda,ES,2020-12-01 03:22:21,43.27,-7.54,43.0,100,52,1.01
500,Bilma,NE,2020-12-01 03:22:21,18.69,12.92,67.24,25,100,13.58
501,Parabel,RU,2020-12-01 03:22:22,58.7,81.48,5.77,94,95,8.12
502,Sechura,PE,2020-12-01 03:22:22,-5.56,-80.82,68.09,79,100,13.69
503,Mackenzie,CA,2020-12-01 03:22:22,55.3,-123.17,30.2,58,1,3.36
504,Comodoro Rivadavia,AR,2020-12-01 03:19:22,-45.87,-67.5,62.6,39,0,13.87
505,Turayf,SA,2020-12-01 03:22:22,31.67,38.66,46.4,100,40,13.87
506,Atambua,ID,2020-12-01 03:21:05,-9.11,124.89,88.83,54,64,4.03
507,Mount Isa,AU,2020-12-01 03:22:22,-20.73,139.5,102.2,20,40,8.05
508,Kyaikkami,MM,2020-12-01 03:22:22,16.08,97.57,80.29,71,0,10.02
509,San Andres,CO,2020-12-01 03:22:22,12.58,-81.7,82.4,83,40,12.75
510,Chippenham,GB,2020-12-01 03:22:23,51.46,-2.12,42.01,86,84,1.99
511,Yumen,CN,2020-12-01 03:22:23,40.28,97.2,18.68,88,100,9.24
512,Walvis Bay,NA,2020-12-01 03:22:23,-22.96,14.51,57.99,87,0,8.05
513,Srednekolymsk,RU,2020-12-01 03:22:23,67.45,153.68,-15.61,86,83,6.35
514,Kloulklubed,PW,2020-12-01 03:21:00,7.04,134.26,86.0,74,75,5.82
515,Terney,RU,2020-12-01 03:22:23,45.05,136.61,17.06,79,6,8.97
516,Chernyshevskiy,RU,2020-12-01 03:22:23,63.01,112.47,-3.6,93,81,10.02
517,Hit,IQ,2020-12-01 03:18:26,33.64,42.83,57.2,60,100,3.78
518,Araouane,ML,2020-12-01 03:22:23,18.9,-3.53,72.19,20,93,10.63
519,Teguldet,RU,2020-12-01 03:22:23,57.31,88.17,5.72,94,99,7.52
520,Eyl,SO,2020-12-01 03:22:24,7.98,49.82,72.84,78,0,10.38
521,Yarkovo,RU,2020-12-01 03:22:24,57.4,67.08,4.08,93,37,4.85
522,Sur,OM,2020-12-01 03:22:24,22.57,59.53,70.79,69,0,0.72
523,Celestun,MX,2020-12-01 03:22:24,20.87,-90.4,72.68,71,59,19.24
524,Tezu,IN,2020-12-01 03:22:24,27.92,96.17,73.92,27,0,1.07
525,Las Palmas,ES,2020-12-01 03:22:24,28.42,-14.01,64.4,82,0,8.05
526,Green Valley,US,2020-12-01 03:22:24,31.85,-110.99,54.0,26,0,1.99
527,Husavik,IS,2020-12-01 03:22:24,66.04,-17.34,37.4,93,90,10.29
528,Emba,KZ,2020-12-01 03:22:25,48.83,58.14,4.64,91,0,13.8
529,Ixtapa,MX,2020-12-01 03:22:25,20.7,-105.2,75.99,88,5,0.54
530,Staritsa,RU,2020-12-01 03:22:25,56.51,34.94,27.68,97,100,5.06
531,Vilyuysk,RU,2020-12-01 03:22:25,63.76,121.62,-8.46,90,77,7.87
532,Sorso,IT,2020-12-01 03:22:25,40.8,8.58,46.0,93,20,2.24
533,Yichun,CN,2020-12-01 03:21:16,47.7,128.9,12.51,83,3,7.61
534,Monrovia,LR,2020-12-01 03:22:25,6.3,-10.8,77.43,87,72,3.58
535,Jacareacanga,BR,2020-12-01 03:22:26,-6.22,-57.75,73.06,95,100,1.36
536,Kajaani,FI,2020-12-01 03:22:26,64.23,27.73,32.0,97,90,14.99
537,Vryburg,ZA,2020-12-01 03:22:26,-26.96,24.73,67.35,55,0,0.78
538,Erenhot,CN,2020-12-01 03:22:26,43.65,111.98,6.57,89,32,2.95
539,Mari-Turek,RU,2020-12-01 03:22:26,56.79,49.62,16.27,94,16,10.38
540,Fengrun,CN,2020-12-01 03:22:26,39.83,118.12,34.0,60,38,1.14
541,Loa Janan,ID,2020-12-01 03:22:26,-0.58,117.09,89.67,56,93,3.56
542,Monster,NL,2020-12-01 03:22:26,52.03,4.17,48.99,92,87,15.99
543,Tirlyanskiy,RU,2020-12-01 03:22:26,54.21,58.58,12.49,89,0,1.77
544,Vostok,RU,2020-12-01 03:22:27,46.49,135.88,4.41,89,100,9.26
545,Esmeralda,CU,2020-12-01 03:22:27,21.85,-78.12,73.4,88,20,4.7
546,Fereydun Kenar,IR,2020-12-01 03:22:27,36.69,52.52,52.32,80,0,6.78
547,Tim,RU,2020-12-01 03:22:27,51.62,37.12,32.0,95,90,11.18
548,Rincon,US,2020-12-01 03:22:27,32.3,-81.24,46.4,65,40,16.11
549,Dolores,AR,2020-12-01 03:22:27,-36.31,-57.68,51.64,69,0,6.62
550,Tambura,SS,2020-12-01 03:22:28,5.6,27.47,68.5,38,0,1.14
551,Glenluce,GB,2020-12-01 03:22:28,54.88,-4.81,42.01,86,73,9.48
552,Ovalle,CL,2020-12-01 03:22:28,-30.6,-71.2,55.42,62,0,0.87
553,Meridian,US,2020-12-01 03:20:19,43.61,-116.39,28.0,85,85,4.68
554,Manakara,MG,2020-12-01 03:22:29,-22.13,48.02,74.82,86,59,7.23
555,Znin,PL,2020-12-01 03:22:29,52.85,17.72,32.0,96,75,6.93
556,Olinda,BR,2020-12-01 03:22:03,-8.01,-34.86,77.0,69,40,8.05
557,San Ramon,US,2020-12-01 03:20:26,37.78,-121.98,53.6,57,1,1.7
558,Thongwa,MM,2020-12-01 03:19:27,16.76,96.53,80.6,78,0,11.41
559,Shieli,KZ,2020-12-01 03:22:30,44.17,66.75,24.12,89,100,11.97
560,Ribeira Brava,PT,2020-12-01 03:22:30,32.65,-17.07,64.4,72,40,27.51
561,Bata,GQ,2020-12-01 03:22:30,1.86,9.77,77.0,100,40,2.24
562,San Jeronimo,PE,2020-12-01 03:22:30,-11.95,-75.28,51.12,71,99,3.29
563,North Bend,US,2020-12-01 03:22:30,43.41,-124.22,45.0,100,1,3.36
564,Alyangula,AU,2020-12-01 03:22:30,-13.85,136.42,87.8,70,75,12.75
565,Garowe,SO,2020-12-01 03:22:30,8.41,48.48,68.07,79,0,5.88
566,Shetpe,KZ,2020-12-01 03:22:31,44.17,52.12,28.35,96,41,16.64
567,Macenta,GN,2020-12-01 03:22:31,8.54,-9.47,69.6,90,92,1.43
568,Ferrol,ES,2020-12-01 03:22:31,43.48,-8.24,50.0,100,90,5.82
569,Linfen,CN,2020-12-01 03:22:31,36.09,111.52,37.27,78,100,2.53
570,Russellville,US,2020-12-01 03:22:07,35.28,-93.13,35.6,55,1,3.36
571,Torbay,CA,2020-12-01 03:17:36,47.67,-52.73,30.2,86,5,6.93
572,Formosa,AR,2020-12-01 03:22:31,-26.18,-58.18,73.4,94,40,2.24
573,Presidencia Roque Saenz Pena,AR,2020-12-01 03:22:32,-26.79,-60.44,73.0,92,18,1.01
574,Banepa,NP,2020-12-01 03:22:32,27.63,85.52,53.6,76,20,2.24
575,Soyo,AO,2020-12-01 03:22:32,-6.13,12.37,76.78,90,100,7.7
576,Malakal,SS,2020-12-01 03:22:32,9.53,31.66,68.77,31,0,5.14
577,Port Keats,AU,2020-12-01 03:22:32,-14.25,129.55,94.69,48,100,4.81
578,Marmora,IT,2020-12-01 03:22:32,44.46,7.09,43.0,83,47,4.38
579,Lewiston,US,2020-12-01 03:20:36,44.1,-70.21,55.4,100,90,25.28
580,Lavrentiya,RU,2020-12-01 03:22:32,65.58,-171.0,12.34,91,91,12.01
581,Martapura,ID,2020-12-01 03:22:32,-3.42,114.85,84.2,79,40,3.36
582,Urusha,RU,2020-12-01 03:22:33,54.05,122.9,5.59,84,3,2.26
583,Nalut,LY,2020-12-01 03:22:33,30.33,10.85,52.18,68,0,5.01
584,Yashkul,RU,2020-12-01 03:22:33,46.17,45.34,32.09,94,30,19.08
585,Mackay,AU,2020-12-01 03:22:33,-21.15,149.2,88.0,62,0,12.75
